<?xml version="1.0"?>
<link_info>
   <banner>TMS320C6x Linker PC v7.4.7</banner>
   <copyright>Copyright (c) 1996-2014 Texas Instruments Incorporated</copyright>
   <link_time>0x5da8e0ba</link_time>
   <output_file>220 BSL AUDIO EDMA triple optimized.out</output_file>
   <entry_point>
      <name>_c_int00</name>
      <address>0x3b20</address>
   </entry_point>
   <input_file_list>
      <input_file id="fl-2">
         <path>.\</path>
         <kind>object</kind>
         <file>edma.obj</file>
         <name>edma.obj</name>
      </input_file>
      <input_file id="fl-3">
         <path>.\</path>
         <kind>object</kind>
         <file>vectors_intr.obj</file>
         <name>vectors_intr.obj</name>
      </input_file>
      <input_file id="fl-80">
         <path>C:\ti\ccsv6\tools\compiler\c6000_7.4.7\lib\</path>
         <kind>archive</kind>
         <file>rts6700.lib</file>
         <name>boot.obj</name>
      </input_file>
      <input_file id="fl-81">
         <path>C:\ti\ccsv6\tools\compiler\c6000_7.4.7\lib\</path>
         <kind>archive</kind>
         <file>rts6700.lib</file>
         <name>exit.obj</name>
      </input_file>
      <input_file id="fl-82">
         <path>C:\ti\ccsv6\tools\compiler\c6000_7.4.7\lib\</path>
         <kind>archive</kind>
         <file>rts6700.lib</file>
         <name>args_main.obj</name>
      </input_file>
      <input_file id="fl-83">
         <path>C:\ti\ccsv6\tools\compiler\c6000_7.4.7\lib\</path>
         <kind>archive</kind>
         <file>rts6700.lib</file>
         <name>autoinit.obj</name>
      </input_file>
      <input_file id="fl-84">
         <path>C:\ti\ccsv6\tools\compiler\c6000_7.4.7\lib\</path>
         <kind>archive</kind>
         <file>rts6700.lib</file>
         <name>cpp_init.obj</name>
      </input_file>
      <input_file id="fl-85">
         <path>C:\ti\ccsv6\tools\compiler\c6000_7.4.7\lib\</path>
         <kind>archive</kind>
         <file>rts6700.lib</file>
         <name>cpy_tbl.obj</name>
      </input_file>
      <input_file id="fl-86">
         <path>C:\ti\ccsv6\tools\compiler\c6000_7.4.7\lib\</path>
         <kind>archive</kind>
         <file>rts6700.lib</file>
         <name>memcpy62.obj</name>
      </input_file>
      <input_file id="fl-87">
         <path>D:\Embedded\Libraries\bios\lib\</path>
         <kind>archive</kind>
         <file>csl6713.lib</file>
         <name>csl.obj</name>
      </input_file>
      <input_file id="fl-88">
         <path>D:\Embedded\Libraries\bios\lib\</path>
         <kind>archive</kind>
         <file>csl6713.lib</file>
         <name>csl_edma.obj</name>
      </input_file>
      <input_file id="fl-89">
         <path>D:\Embedded\Libraries\bios\lib\</path>
         <kind>archive</kind>
         <file>csl6713.lib</file>
         <name>csl_irq.obj</name>
      </input_file>
      <input_file id="fl-8a">
         <path>D:\Embedded\Libraries\bios\lib\</path>
         <kind>archive</kind>
         <file>csl6713.lib</file>
         <name>csl_mcbsp.obj</name>
      </input_file>
      <input_file id="fl-8b">
         <path>D:\Embedded\Libraries\bios\lib\</path>
         <kind>archive</kind>
         <file>csl6713.lib</file>
         <name>csl_timer.obj</name>
      </input_file>
      <input_file id="fl-8c">
         <path>D:\Embedded\Libraries\dsk6713\lib\dsk6713bsl\Debug\</path>
         <kind>archive</kind>
         <file>dsk6713bsl.lib</file>
         <name>dsk6713.obj</name>
      </input_file>
      <input_file id="fl-8d">
         <path>D:\Embedded\Libraries\dsk6713\lib\dsk6713bsl\Debug\</path>
         <kind>archive</kind>
         <file>dsk6713bsl.lib</file>
         <name>dsk6713_aic23_opencodec.obj</name>
      </input_file>
      <input_file id="fl-8e">
         <path>D:\Embedded\Libraries\dsk6713\lib\dsk6713bsl\Debug\</path>
         <kind>archive</kind>
         <file>dsk6713bsl.lib</file>
         <name>dsk6713_aic23_registers.obj</name>
      </input_file>
      <input_file id="fl-8f">
         <path>D:\Embedded\Libraries\dsk6713\lib\dsk6713bsl\Debug\</path>
         <kind>archive</kind>
         <file>dsk6713bsl.lib</file>
         <name>dsk6713_dip.obj</name>
      </input_file>
      <input_file id="fl-90">
         <path>C:\ti\ccsv6\tools\compiler\c6000_7.4.7\lib\</path>
         <kind>archive</kind>
         <file>rts6700.lib</file>
         <name>strasg.obj</name>
      </input_file>
   </input_file_list>
   <object_component_list>
      <object_component id="oc-19">
         <name>.vecs</name>
         <load_address>0x0</load_address>
         <run_address>0x0</run_address>
         <size>0x200</size>
         <input_file_ref idref="fl-3"/>
      </object_component>
      <object_component id="oc-69">
         <name>.text</name>
         <load_address>0x400</load_address>
         <run_address>0x400</run_address>
         <size>0x1200</size>
         <input_file_ref idref="fl-2"/>
      </object_component>
      <object_component id="oc-45">
         <name>.text</name>
         <load_address>0x1600</load_address>
         <run_address>0x1600</run_address>
         <size>0x480</size>
         <input_file_ref idref="fl-8c"/>
      </object_component>
      <object_component id="oc-4b">
         <name>.text</name>
         <load_address>0x1a80</load_address>
         <run_address>0x1a80</run_address>
         <size>0x300</size>
         <input_file_ref idref="fl-8d"/>
      </object_component>
      <object_component id="oc-14">
         <name>.text:retain</name>
         <load_address>0x1d80</load_address>
         <run_address>0x1d80</run_address>
         <size>0x2c0</size>
         <input_file_ref idref="fl-2"/>
      </object_component>
      <object_component id="oc-75">
         <name>.text:_EDMA_open</name>
         <load_address>0x2040</load_address>
         <run_address>0x2040</run_address>
         <size>0x260</size>
         <input_file_ref idref="fl-88"/>
      </object_component>
      <object_component id="oc-67">
         <name>.text:_memcpy</name>
         <load_address>0x22a0</load_address>
         <run_address>0x22a0</run_address>
         <size>0x240</size>
         <input_file_ref idref="fl-86"/>
      </object_component>
      <object_component id="oc-76">
         <name>.text:_EDMA_allocTable</name>
         <load_address>0x24e0</load_address>
         <run_address>0x24e0</run_address>
         <size>0x200</size>
         <input_file_ref idref="fl-88"/>
      </object_component>
      <object_component id="oc-6d">
         <name>.text:__CSL_init</name>
         <load_address>0x26e0</load_address>
         <run_address>0x26e0</run_address>
         <size>0x1c0</size>
         <input_file_ref idref="fl-87"/>
      </object_component>
      <object_component id="oc-7c">
         <name>.text:_IRQ_map</name>
         <load_address>0x28a0</load_address>
         <run_address>0x28a0</run_address>
         <size>0x1a0</size>
         <input_file_ref idref="fl-89"/>
      </object_component>
      <object_component id="oc-6b">
         <name>.text:_MCBSP_reset</name>
         <load_address>0x2a40</load_address>
         <run_address>0x2a40</run_address>
         <size>0x180</size>
         <input_file_ref idref="fl-8a"/>
      </object_component>
      <object_component id="oc-82">
         <name>.text:_TIMER_open</name>
         <load_address>0x2bc0</load_address>
         <run_address>0x2bc0</run_address>
         <size>0x160</size>
         <input_file_ref idref="fl-8b"/>
      </object_component>
      <object_component id="oc-51">
         <name>.text</name>
         <load_address>0x2d20</load_address>
         <run_address>0x2d20</run_address>
         <size>0x140</size>
         <input_file_ref idref="fl-8e"/>
      </object_component>
      <object_component id="oc-83">
         <name>.text:_EDMA_reset</name>
         <load_address>0x2e60</load_address>
         <run_address>0x2e60</run_address>
         <size>0x120</size>
         <input_file_ref idref="fl-88"/>
      </object_component>
      <object_component id="oc-87">
         <name>.text:_TIMER_reset</name>
         <load_address>0x2f80</load_address>
         <run_address>0x2f80</run_address>
         <size>0x120</size>
         <input_file_ref idref="fl-8b"/>
      </object_component>
      <object_component id="oc-86">
         <name>.text:_mux2Tables</name>
         <load_address>0x30a0</load_address>
         <run_address>0x30a0</run_address>
         <size>0x120</size>
         <input_file_ref idref="fl-89"/>
      </object_component>
      <object_component id="oc-65">
         <name>.text:_MCBSP_start</name>
         <load_address>0x31c0</load_address>
         <run_address>0x31c0</run_address>
         <size>0x100</size>
         <input_file_ref idref="fl-8a"/>
      </object_component>
      <object_component id="oc-5e">
         <name>.text:__auto_init</name>
         <load_address>0x32c0</load_address>
         <run_address>0x32c0</run_address>
         <size>0x100</size>
         <input_file_ref idref="fl-83"/>
      </object_component>
      <object_component id="oc-77">
         <name>.text:_EDMA_config</name>
         <load_address>0x33c0</load_address>
         <run_address>0x33c0</run_address>
         <size>0xe0</size>
         <input_file_ref idref="fl-88"/>
      </object_component>
      <object_component id="oc-64">
         <name>.text:_MCBSP_open</name>
         <load_address>0x34a0</load_address>
         <run_address>0x34a0</run_address>
         <size>0xe0</size>
         <input_file_ref idref="fl-8a"/>
      </object_component>
      <object_component id="oc-63">
         <name>.text:__strasg</name>
         <load_address>0x3580</load_address>
         <run_address>0x3580</run_address>
         <size>0xe0</size>
         <input_file_ref idref="fl-90"/>
      </object_component>
      <object_component id="oc-60">
         <name>.text:_exit</name>
         <load_address>0x3660</load_address>
         <run_address>0x3660</run_address>
         <size>0xe0</size>
         <input_file_ref idref="fl-81"/>
      </object_component>
      <object_component id="oc-74">
         <name>.text:_EDMA_clearPram</name>
         <load_address>0x3740</load_address>
         <run_address>0x3740</run_address>
         <size>0xc0</size>
         <input_file_ref idref="fl-88"/>
      </object_component>
      <object_component id="oc-66">
         <name>.text:_copy_in</name>
         <load_address>0x3800</load_address>
         <run_address>0x3800</run_address>
         <size>0xc0</size>
         <input_file_ref idref="fl-85"/>
      </object_component>
      <object_component id="oc-89">
         <name>.text:_getMux</name>
         <load_address>0x38c0</load_address>
         <run_address>0x38c0</run_address>
         <size>0xc0</size>
         <input_file_ref idref="fl-89"/>
      </object_component>
      <object_component id="oc-85">
         <name>.text:_setMux</name>
         <load_address>0x3980</load_address>
         <run_address>0x3980</run_address>
         <size>0xa0</size>
         <input_file_ref idref="fl-89"/>
      </object_component>
      <object_component id="oc-81">
         <name>.text:__IRQ_init</name>
         <load_address>0x3a20</load_address>
         <run_address>0x3a20</run_address>
         <size>0x80</size>
         <input_file_ref idref="fl-89"/>
      </object_component>
      <object_component id="oc-68">
         <name>.text:___TI_cpp_init</name>
         <load_address>0x3aa0</load_address>
         <run_address>0x3aa0</run_address>
         <size>0x80</size>
         <input_file_ref idref="fl-84"/>
      </object_component>
      <object_component id="oc-f">
         <name>.text:_c_int00</name>
         <load_address>0x3b20</load_address>
         <run_address>0x3b20</run_address>
         <size>0x80</size>
         <input_file_ref idref="fl-80"/>
      </object_component>
      <object_component id="oc-57">
         <name>.text</name>
         <load_address>0x3ba0</load_address>
         <run_address>0x3ba0</run_address>
         <size>0x80</size>
         <input_file_ref idref="fl-8f"/>
      </object_component>
      <object_component id="oc-88">
         <name>.text:_EDMA_disableChannel</name>
         <load_address>0x3c20</load_address>
         <run_address>0x3c20</run_address>
         <size>0x60</size>
         <input_file_ref idref="fl-88"/>
      </object_component>
      <object_component id="oc-7a">
         <name>.text:_EDMA_enableChannel</name>
         <load_address>0x3c80</load_address>
         <run_address>0x3c80</run_address>
         <size>0x60</size>
         <input_file_ref idref="fl-88"/>
      </object_component>
      <object_component id="oc-78">
         <name>.text:_EDMA_intDisable</name>
         <load_address>0x3ce0</load_address>
         <run_address>0x3ce0</run_address>
         <size>0x60</size>
         <input_file_ref idref="fl-88"/>
      </object_component>
      <object_component id="oc-79">
         <name>.text:_EDMA_intEnable</name>
         <load_address>0x3d40</load_address>
         <run_address>0x3d40</run_address>
         <size>0x60</size>
         <input_file_ref idref="fl-88"/>
      </object_component>
      <object_component id="oc-84">
         <name>.text:_EDMA_qdmaConfig</name>
         <load_address>0x3da0</load_address>
         <run_address>0x3da0</run_address>
         <size>0x60</size>
         <input_file_ref idref="fl-88"/>
      </object_component>
      <object_component id="oc-7e">
         <name>.text:_IRQ_enable</name>
         <load_address>0x3e00</load_address>
         <run_address>0x3e00</run_address>
         <size>0x40</size>
         <input_file_ref idref="fl-89"/>
      </object_component>
      <object_component id="oc-7d">
         <name>.text:_IRQ_reset</name>
         <load_address>0x3e40</load_address>
         <run_address>0x3e40</run_address>
         <size>0x40</size>
         <input_file_ref idref="fl-89"/>
      </object_component>
      <object_component id="oc-5f">
         <name>.text:__args_main</name>
         <load_address>0x3e80</load_address>
         <run_address>0x3e80</run_address>
         <size>0x40</size>
         <input_file_ref idref="fl-82"/>
      </object_component>
      <object_component id="oc-6c">
         <name>.text:_CSL6713_LIB_</name>
         <load_address>0x3ec0</load_address>
         <run_address>0x3ec0</run_address>
         <size>0x20</size>
         <input_file_ref idref="fl-87"/>
      </object_component>
      <object_component id="oc-62">
         <name>.text:_EDMA_intClear</name>
         <load_address>0x3ee0</load_address>
         <run_address>0x3ee0</run_address>
         <size>0x20</size>
         <input_file_ref idref="fl-88"/>
      </object_component>
      <object_component id="oc-61">
         <name>.text:_EDMA_intTest</name>
         <load_address>0x3f00</load_address>
         <run_address>0x3f00</run_address>
         <size>0x20</size>
         <input_file_ref idref="fl-88"/>
      </object_component>
      <object_component id="oc-73">
         <name>.text:_IRQ_globalDisable</name>
         <load_address>0x3f20</load_address>
         <run_address>0x3f20</run_address>
         <size>0x20</size>
         <input_file_ref idref="fl-89"/>
      </object_component>
      <object_component id="oc-7f">
         <name>.text:_IRQ_globalEnable</name>
         <load_address>0x3f40</load_address>
         <run_address>0x3f40</run_address>
         <size>0x20</size>
         <input_file_ref idref="fl-89"/>
      </object_component>
      <object_component id="oc-80">
         <name>.text:_IRQ_nmiEnable</name>
         <load_address>0x3f60</load_address>
         <run_address>0x3f60</run_address>
         <size>0x20</size>
         <input_file_ref idref="fl-89"/>
      </object_component>
      <object_component id="oc-7b">
         <name>.text:_IRQ_setVecs</name>
         <load_address>0x3f80</load_address>
         <run_address>0x3f80</run_address>
         <size>0x20</size>
         <input_file_ref idref="fl-89"/>
      </object_component>
      <object_component id="oc-72">
         <name>.text:_MCBSP_read</name>
         <load_address>0x3fa0</load_address>
         <run_address>0x3fa0</run_address>
         <size>0x20</size>
         <input_file_ref idref="fl-8a"/>
      </object_component>
      <object_component id="oc-71">
         <name>.text:_MCBSP_write</name>
         <load_address>0x3fc0</load_address>
         <run_address>0x3fc0</run_address>
         <size>0x20</size>
         <input_file_ref idref="fl-8a"/>
      </object_component>
      <object_component id="oc-6a">
         <name>.text:_abort</name>
         <load_address>0x3fe0</load_address>
         <run_address>0x3fe0</run_address>
         <size>0x20</size>
         <input_file_ref idref="fl-81"/>
      </object_component>
      <object_component id="oc-3b">
         <name>.text</name>
         <load_address>0x4000</load_address>
         <run_address>0x4000</run_address>
         <size>0x20</size>
         <input_file_ref idref="fl-89"/>
      </object_component>
      <object_component id="oc-18">
         <name>.text</name>
         <load_address>0x4020</load_address>
         <run_address>0x4020</run_address>
         <size>0x20</size>
         <input_file_ref idref="fl-3"/>
      </object_component>
      <object_component id="oc-3c">
         <name>.cinit</name>
         <load_address>0x4838</load_address>
         <run_address>0x4838</run_address>
         <size>0x12c</size>
         <input_file_ref idref="fl-89"/>
      </object_component>
      <object_component id="oc-11">
         <name>.cinit</name>
         <load_address>0x4968</load_address>
         <run_address>0x4968</run_address>
         <size>0x108</size>
         <input_file_ref idref="fl-2"/>
      </object_component>
      <object_component id="oc-38">
         <name>.cinit</name>
         <load_address>0x4a70</load_address>
         <run_address>0x4a70</run_address>
         <size>0x70</size>
         <input_file_ref idref="fl-88"/>
      </object_component>
      <object_component id="oc-3f">
         <name>.cinit</name>
         <load_address>0x4ae0</load_address>
         <run_address>0x4ae0</run_address>
         <size>0x54</size>
         <input_file_ref idref="fl-8a"/>
      </object_component>
      <object_component id="oc-42">
         <name>.cinit</name>
         <load_address>0x4b38</load_address>
         <run_address>0x4b38</run_address>
         <size>0x4c</size>
         <input_file_ref idref="fl-8b"/>
      </object_component>
      <object_component id="oc-35">
         <name>.cinit</name>
         <load_address>0x4b88</load_address>
         <run_address>0x4b88</run_address>
         <size>0x3c</size>
         <input_file_ref idref="fl-87"/>
      </object_component>
      <object_component id="oc-52">
         <name>.cinit</name>
         <load_address>0x4bc8</load_address>
         <run_address>0x4bc8</run_address>
         <size>0x30</size>
         <input_file_ref idref="fl-8e"/>
      </object_component>
      <object_component id="oc-22">
         <name>.cinit</name>
         <load_address>0x4bf8</load_address>
         <run_address>0x4bf8</run_address>
         <size>0x2c</size>
         <input_file_ref idref="fl-81"/>
      </object_component>
      <object_component id="oc-1e">
         <name>.stack</name>
         <uninitialized>true</uninitialized>
         <run_address>0x8c00</run_address>
         <size>0x8</size>
         <input_file_ref idref="fl-80"/>
      </object_component>
      <object_component id="oc-a2">
         <name>.stack</name>
         <uninitialized>true</uninitialized>
         <run_address>0x8c00</run_address>
         <size>0x0</size>
      </object_component>
      <object_component id="oc-6f">
         <name>.const:_bp_fil</name>
         <load_address>0x4040</load_address>
         <run_address>0x4040</run_address>
         <size>0x288</size>
         <input_file_ref idref="fl-2"/>
      </object_component>
      <object_component id="oc-70">
         <name>.const:_hp_fil</name>
         <load_address>0x42c8</load_address>
         <run_address>0x42c8</run_address>
         <size>0x288</size>
         <input_file_ref idref="fl-2"/>
      </object_component>
      <object_component id="oc-6e">
         <name>.const:_lp_fil</name>
         <load_address>0x4550</load_address>
         <run_address>0x4550</run_address>
         <size>0x288</size>
         <input_file_ref idref="fl-2"/>
      </object_component>
      <object_component id="oc-4d">
         <name>.const</name>
         <load_address>0x47d8</load_address>
         <run_address>0x47d8</run_address>
         <size>0x40</size>
         <input_file_ref idref="fl-8d"/>
      </object_component>
      <object_component id="oc-47">
         <name>.const</name>
         <load_address>0x4818</load_address>
         <run_address>0x4818</run_address>
         <size>0x20</size>
         <input_file_ref idref="fl-8c"/>
      </object_component>
      <object_component id="oc-12">
         <name>.far</name>
         <uninitialized>true</uninitialized>
         <run_address>0x9400</run_address>
         <size>0x11c</size>
         <input_file_ref idref="fl-2"/>
      </object_component>
      <object_component id="oc-23">
         <name>.far</name>
         <uninitialized>true</uninitialized>
         <run_address>0x9710</run_address>
         <size>0xc</size>
         <input_file_ref idref="fl-81"/>
      </object_component>
      <object_component id="oc-36">
         <name>.far</name>
         <uninitialized>true</uninitialized>
         <run_address>0x969c</run_address>
         <size>0x28</size>
         <input_file_ref idref="fl-87"/>
      </object_component>
      <object_component id="oc-39">
         <name>.far</name>
         <uninitialized>true</uninitialized>
         <run_address>0x9610</run_address>
         <size>0x54</size>
         <input_file_ref idref="fl-88"/>
      </object_component>
      <object_component id="oc-3d">
         <name>.far</name>
         <uninitialized>true</uninitialized>
         <run_address>0x951c</run_address>
         <size>0xf4</size>
         <input_file_ref idref="fl-89"/>
      </object_component>
      <object_component id="oc-40">
         <name>.far</name>
         <uninitialized>true</uninitialized>
         <run_address>0x9664</run_address>
         <size>0x38</size>
         <input_file_ref idref="fl-8a"/>
      </object_component>
      <object_component id="oc-43">
         <name>.far</name>
         <uninitialized>true</uninitialized>
         <run_address>0x96ec</run_address>
         <size>0x24</size>
         <input_file_ref idref="fl-8b"/>
      </object_component>
      <object_component id="oc-46">
         <name>.far</name>
         <uninitialized>true</uninitialized>
         <run_address>0x9724</run_address>
         <size>0x2</size>
         <input_file_ref idref="fl-8c"/>
      </object_component>
      <object_component id="oc-4c">
         <name>.far</name>
         <uninitialized>true</uninitialized>
         <run_address>0x971c</run_address>
         <size>0x8</size>
         <input_file_ref idref="fl-8d"/>
      </object_component>
      <object_component id="oc-53">
         <name>.far</name>
         <uninitialized>true</uninitialized>
         <run_address>0x96c4</run_address>
         <size>0x28</size>
         <input_file_ref idref="fl-8e"/>
      </object_component>
      <object_component id="oc-13">
         <name>.buffers</name>
         <uninitialized>true</uninitialized>
         <run_address>0x8000</run_address>
         <size>0xc00</size>
         <input_file_ref idref="fl-2"/>
      </object_component>
      <object_component id="oc-10">
         <name>.debug_info</name>
         <load_address>0x0</load_address>
         <run_address>0x0</run_address>
         <size>0x20bd</size>
         <input_file_ref idref="fl-2"/>
      </object_component>
      <object_component id="oc-1a">
         <name>.debug_info</name>
         <load_address>0x20bd</load_address>
         <run_address>0x20bd</run_address>
         <size>0x115</size>
         <input_file_ref idref="fl-3"/>
      </object_component>
      <object_component id="oc-1d">
         <name>.debug_info</name>
         <load_address>0x21d2</load_address>
         <run_address>0x21d2</run_address>
         <size>0x70c</size>
         <input_file_ref idref="fl-80"/>
      </object_component>
      <object_component id="oc-21">
         <name>.debug_info</name>
         <load_address>0x28de</load_address>
         <run_address>0x28de</run_address>
         <size>0x7ff</size>
         <input_file_ref idref="fl-81"/>
      </object_component>
      <object_component id="oc-26">
         <name>.debug_info</name>
         <load_address>0x30dd</load_address>
         <run_address>0x30dd</run_address>
         <size>0x6e2</size>
         <input_file_ref idref="fl-82"/>
      </object_component>
      <object_component id="oc-29">
         <name>.debug_info</name>
         <load_address>0x37bf</load_address>
         <run_address>0x37bf</run_address>
         <size>0x871</size>
         <input_file_ref idref="fl-83"/>
      </object_component>
      <object_component id="oc-2c">
         <name>.debug_info</name>
         <load_address>0x4030</load_address>
         <run_address>0x4030</run_address>
         <size>0x6e9</size>
         <input_file_ref idref="fl-84"/>
      </object_component>
      <object_component id="oc-2f">
         <name>.debug_info</name>
         <load_address>0x4719</load_address>
         <run_address>0x4719</run_address>
         <size>0x7df</size>
         <input_file_ref idref="fl-85"/>
      </object_component>
      <object_component id="oc-32">
         <name>.debug_info</name>
         <load_address>0x4ef8</load_address>
         <run_address>0x4ef8</run_address>
         <size>0x791</size>
         <input_file_ref idref="fl-86"/>
      </object_component>
      <object_component id="oc-49">
         <name>.debug_info</name>
         <load_address>0x5689</load_address>
         <run_address>0x5689</run_address>
         <size>0x8a7</size>
         <input_file_ref idref="fl-8c"/>
      </object_component>
      <object_component id="oc-4f">
         <name>.debug_info</name>
         <load_address>0x5f30</load_address>
         <run_address>0x5f30</run_address>
         <size>0x89f</size>
         <input_file_ref idref="fl-8d"/>
      </object_component>
      <object_component id="oc-55">
         <name>.debug_info</name>
         <load_address>0x67cf</load_address>
         <run_address>0x67cf</run_address>
         <size>0x929</size>
         <input_file_ref idref="fl-8e"/>
      </object_component>
      <object_component id="oc-59">
         <name>.debug_info</name>
         <load_address>0x70f8</load_address>
         <run_address>0x70f8</run_address>
         <size>0x4c3</size>
         <input_file_ref idref="fl-8f"/>
      </object_component>
      <object_component id="oc-5b">
         <name>.debug_info</name>
         <load_address>0x75bb</load_address>
         <run_address>0x75bb</run_address>
         <size>0xd9</size>
         <input_file_ref idref="fl-90"/>
      </object_component>
      <object_component id="oc-a3">
         <name>.debug_info</name>
         <load_address>0x7694</load_address>
         <run_address>0x7694</run_address>
         <size>0x6d</size>
      </object_component>
      <object_component id="oc-15">
         <name>.debug_frame</name>
         <load_address>0x0</load_address>
         <run_address>0x0</run_address>
         <size>0x3ae</size>
         <input_file_ref idref="fl-2"/>
      </object_component>
      <object_component id="oc-16">
         <name>.debug_line</name>
         <load_address>0x0</load_address>
         <run_address>0x0</run_address>
         <size>0x2bd</size>
         <input_file_ref idref="fl-2"/>
      </object_component>
      <object_component id="oc-1b">
         <name>.debug_line</name>
         <load_address>0x2bd</load_address>
         <run_address>0x2bd</run_address>
         <size>0xcd</size>
         <input_file_ref idref="fl-3"/>
      </object_component>
      <object_component id="oc-1f">
         <name>.debug_line</name>
         <load_address>0x38a</load_address>
         <run_address>0x38a</run_address>
         <size>0x3d</size>
         <input_file_ref idref="fl-80"/>
      </object_component>
      <object_component id="oc-24">
         <name>.debug_line</name>
         <load_address>0x3c7</load_address>
         <run_address>0x3c7</run_address>
         <size>0x4f</size>
         <input_file_ref idref="fl-81"/>
      </object_component>
      <object_component id="oc-27">
         <name>.debug_line</name>
         <load_address>0x416</load_address>
         <run_address>0x416</run_address>
         <size>0x41</size>
         <input_file_ref idref="fl-82"/>
      </object_component>
      <object_component id="oc-2a">
         <name>.debug_line</name>
         <load_address>0x457</load_address>
         <run_address>0x457</run_address>
         <size>0x47</size>
         <input_file_ref idref="fl-83"/>
      </object_component>
      <object_component id="oc-2d">
         <name>.debug_line</name>
         <load_address>0x49e</load_address>
         <run_address>0x49e</run_address>
         <size>0x45</size>
         <input_file_ref idref="fl-84"/>
      </object_component>
      <object_component id="oc-30">
         <name>.debug_line</name>
         <load_address>0x4e3</load_address>
         <run_address>0x4e3</run_address>
         <size>0x44</size>
         <input_file_ref idref="fl-85"/>
      </object_component>
      <object_component id="oc-33">
         <name>.debug_line</name>
         <load_address>0x527</load_address>
         <run_address>0x527</run_address>
         <size>0x4e</size>
         <input_file_ref idref="fl-86"/>
      </object_component>
      <object_component id="oc-4a">
         <name>.debug_line</name>
         <load_address>0x575</load_address>
         <run_address>0x575</run_address>
         <size>0xb2</size>
         <input_file_ref idref="fl-8c"/>
      </object_component>
      <object_component id="oc-50">
         <name>.debug_line</name>
         <load_address>0x627</load_address>
         <run_address>0x627</run_address>
         <size>0x4f</size>
         <input_file_ref idref="fl-8d"/>
      </object_component>
      <object_component id="oc-56">
         <name>.debug_line</name>
         <load_address>0x676</load_address>
         <run_address>0x676</run_address>
         <size>0x7e</size>
         <input_file_ref idref="fl-8e"/>
      </object_component>
      <object_component id="oc-5a">
         <name>.debug_line</name>
         <load_address>0x6f4</load_address>
         <run_address>0x6f4</run_address>
         <size>0x51</size>
         <input_file_ref idref="fl-8f"/>
      </object_component>
      <object_component id="oc-5c">
         <name>.debug_line</name>
         <load_address>0x745</load_address>
         <run_address>0x745</run_address>
         <size>0x48</size>
         <input_file_ref idref="fl-90"/>
      </object_component>
      <object_component id="oc-17">
         <name>.debug_abbrev</name>
         <load_address>0x0</load_address>
         <run_address>0x0</run_address>
         <size>0x229</size>
         <input_file_ref idref="fl-2"/>
      </object_component>
      <object_component id="oc-1c">
         <name>.debug_abbrev</name>
         <load_address>0x229</load_address>
         <run_address>0x229</run_address>
         <size>0x20</size>
         <input_file_ref idref="fl-3"/>
      </object_component>
      <object_component id="oc-20">
         <name>.debug_abbrev</name>
         <load_address>0x249</load_address>
         <run_address>0x249</run_address>
         <size>0xfe</size>
         <input_file_ref idref="fl-80"/>
      </object_component>
      <object_component id="oc-25">
         <name>.debug_abbrev</name>
         <load_address>0x347</load_address>
         <run_address>0x347</run_address>
         <size>0x119</size>
         <input_file_ref idref="fl-81"/>
      </object_component>
      <object_component id="oc-28">
         <name>.debug_abbrev</name>
         <load_address>0x460</load_address>
         <run_address>0x460</run_address>
         <size>0xe1</size>
         <input_file_ref idref="fl-82"/>
      </object_component>
      <object_component id="oc-2b">
         <name>.debug_abbrev</name>
         <load_address>0x541</load_address>
         <run_address>0x541</run_address>
         <size>0x13f</size>
         <input_file_ref idref="fl-83"/>
      </object_component>
      <object_component id="oc-2e">
         <name>.debug_abbrev</name>
         <load_address>0x680</load_address>
         <run_address>0x680</run_address>
         <size>0xdd</size>
         <input_file_ref idref="fl-84"/>
      </object_component>
      <object_component id="oc-31">
         <name>.debug_abbrev</name>
         <load_address>0x75d</load_address>
         <run_address>0x75d</run_address>
         <size>0x10c</size>
         <input_file_ref idref="fl-85"/>
      </object_component>
      <object_component id="oc-34">
         <name>.debug_abbrev</name>
         <load_address>0x869</load_address>
         <run_address>0x869</run_address>
         <size>0xd5</size>
         <input_file_ref idref="fl-86"/>
      </object_component>
      <object_component id="oc-48">
         <name>.debug_abbrev</name>
         <load_address>0x93e</load_address>
         <run_address>0x93e</run_address>
         <size>0x196</size>
         <input_file_ref idref="fl-8c"/>
      </object_component>
      <object_component id="oc-4e">
         <name>.debug_abbrev</name>
         <load_address>0xad4</load_address>
         <run_address>0xad4</run_address>
         <size>0x126</size>
         <input_file_ref idref="fl-8d"/>
      </object_component>
      <object_component id="oc-54">
         <name>.debug_abbrev</name>
         <load_address>0xbfa</load_address>
         <run_address>0xbfa</run_address>
         <size>0x14e</size>
         <input_file_ref idref="fl-8e"/>
      </object_component>
      <object_component id="oc-58">
         <name>.debug_abbrev</name>
         <load_address>0xd48</load_address>
         <run_address>0xd48</run_address>
         <size>0xcf</size>
         <input_file_ref idref="fl-8f"/>
      </object_component>
      <object_component id="oc-5d">
         <name>.debug_abbrev</name>
         <load_address>0xe17</load_address>
         <run_address>0xe17</run_address>
         <size>0x3a</size>
         <input_file_ref idref="fl-90"/>
      </object_component>
      <object_component id="oc-a4">
         <name>.debug_abbrev</name>
         <load_address>0xe51</load_address>
         <run_address>0xe51</run_address>
         <size>0xd</size>
      </object_component>
      <object_component id="oc-37">
         <name>$BRID</name>
         <load_address>0x0</load_address>
         <run_address>0x0</run_address>
         <size>0x14</size>
         <input_file_ref idref="fl-87"/>
      </object_component>
      <object_component id="oc-3a">
         <name>$BRID</name>
         <load_address>0x14</load_address>
         <run_address>0x14</run_address>
         <size>0xe8</size>
         <input_file_ref idref="fl-88"/>
      </object_component>
      <object_component id="oc-3e">
         <name>$BRID</name>
         <load_address>0xfc</load_address>
         <run_address>0xfc</run_address>
         <size>0x78</size>
         <input_file_ref idref="fl-89"/>
      </object_component>
      <object_component id="oc-41">
         <name>$BRID</name>
         <load_address>0x174</load_address>
         <run_address>0x174</run_address>
         <size>0x7c</size>
         <input_file_ref idref="fl-8a"/>
      </object_component>
      <object_component id="oc-44">
         <name>$BRID</name>
         <load_address>0x1f0</load_address>
         <run_address>0x1f0</run_address>
         <size>0x60</size>
         <input_file_ref idref="fl-8b"/>
      </object_component>
   </object_component_list>
   <logical_group_list>
      <logical_group id="lg-2">
         <name>bootload</name>
         <run_address>0x0</run_address>
         <size>0x0</size>
         <contents>
         </contents>
      </logical_group>
      <logical_group id="lg-3">
         <name>.vecs</name>
         <load_address>0x0</load_address>
         <run_address>0x0</run_address>
         <size>0x200</size>
         <contents>
            <object_component_ref idref="oc-19"/>
         </contents>
      </logical_group>
      <logical_group id="lg-4">
         <name>.text</name>
         <load_address>0x400</load_address>
         <run_address>0x400</run_address>
         <size>0x3c40</size>
         <contents>
            <object_component_ref idref="oc-69"/>
            <object_component_ref idref="oc-45"/>
            <object_component_ref idref="oc-4b"/>
            <object_component_ref idref="oc-14"/>
            <object_component_ref idref="oc-75"/>
            <object_component_ref idref="oc-67"/>
            <object_component_ref idref="oc-76"/>
            <object_component_ref idref="oc-6d"/>
            <object_component_ref idref="oc-7c"/>
            <object_component_ref idref="oc-6b"/>
            <object_component_ref idref="oc-82"/>
            <object_component_ref idref="oc-51"/>
            <object_component_ref idref="oc-83"/>
            <object_component_ref idref="oc-87"/>
            <object_component_ref idref="oc-86"/>
            <object_component_ref idref="oc-65"/>
            <object_component_ref idref="oc-5e"/>
            <object_component_ref idref="oc-77"/>
            <object_component_ref idref="oc-64"/>
            <object_component_ref idref="oc-63"/>
            <object_component_ref idref="oc-60"/>
            <object_component_ref idref="oc-74"/>
            <object_component_ref idref="oc-66"/>
            <object_component_ref idref="oc-89"/>
            <object_component_ref idref="oc-85"/>
            <object_component_ref idref="oc-81"/>
            <object_component_ref idref="oc-68"/>
            <object_component_ref idref="oc-f"/>
            <object_component_ref idref="oc-57"/>
            <object_component_ref idref="oc-88"/>
            <object_component_ref idref="oc-7a"/>
            <object_component_ref idref="oc-78"/>
            <object_component_ref idref="oc-79"/>
            <object_component_ref idref="oc-84"/>
            <object_component_ref idref="oc-7e"/>
            <object_component_ref idref="oc-7d"/>
            <object_component_ref idref="oc-5f"/>
            <object_component_ref idref="oc-6c"/>
            <object_component_ref idref="oc-62"/>
            <object_component_ref idref="oc-61"/>
            <object_component_ref idref="oc-73"/>
            <object_component_ref idref="oc-7f"/>
            <object_component_ref idref="oc-80"/>
            <object_component_ref idref="oc-7b"/>
            <object_component_ref idref="oc-72"/>
            <object_component_ref idref="oc-71"/>
            <object_component_ref idref="oc-6a"/>
            <object_component_ref idref="oc-3b"/>
            <object_component_ref idref="oc-18"/>
         </contents>
      </logical_group>
      <logical_group id="lg-5">
         <name>.bss</name>
         <run_address>0x400</run_address>
         <size>0x0</size>
         <contents>
         </contents>
      </logical_group>
      <logical_group id="lg-6">
         <name>.cinit</name>
         <load_address>0x4838</load_address>
         <run_address>0x4838</run_address>
         <size>0x3f4</size>
         <contents>
            <object_component_ref idref="oc-3c"/>
            <object_component_ref idref="oc-11"/>
            <object_component_ref idref="oc-38"/>
            <object_component_ref idref="oc-3f"/>
            <object_component_ref idref="oc-42"/>
            <object_component_ref idref="oc-35"/>
            <object_component_ref idref="oc-52"/>
            <object_component_ref idref="oc-22"/>
         </contents>
      </logical_group>
      <logical_group id="lg-7">
         <name>.stack</name>
         <run_address>0x8c00</run_address>
         <size>0x800</size>
         <contents>
            <object_component_ref idref="oc-1e"/>
            <object_component_ref idref="oc-a2"/>
         </contents>
      </logical_group>
      <logical_group id="lg-8">
         <name>.sysmem</name>
         <run_address>0x0</run_address>
         <size>0x0</size>
         <contents>
         </contents>
      </logical_group>
      <logical_group id="lg-9">
         <name>.const</name>
         <load_address>0x4040</load_address>
         <run_address>0x4040</run_address>
         <size>0x7f8</size>
         <contents>
            <object_component_ref idref="oc-6f"/>
            <object_component_ref idref="oc-70"/>
            <object_component_ref idref="oc-6e"/>
            <object_component_ref idref="oc-4d"/>
            <object_component_ref idref="oc-47"/>
         </contents>
      </logical_group>
      <logical_group id="lg-a">
         <name>.switch</name>
         <run_address>0x0</run_address>
         <size>0x0</size>
         <contents>
         </contents>
      </logical_group>
      <logical_group id="lg-b">
         <name>.far</name>
         <run_address>0x9400</run_address>
         <size>0x326</size>
         <contents>
            <object_component_ref idref="oc-12"/>
            <object_component_ref idref="oc-23"/>
            <object_component_ref idref="oc-36"/>
            <object_component_ref idref="oc-39"/>
            <object_component_ref idref="oc-3d"/>
            <object_component_ref idref="oc-40"/>
            <object_component_ref idref="oc-43"/>
            <object_component_ref idref="oc-46"/>
            <object_component_ref idref="oc-4c"/>
            <object_component_ref idref="oc-53"/>
         </contents>
      </logical_group>
      <logical_group id="lg-c">
         <name>.cio</name>
         <run_address>0x0</run_address>
         <size>0x0</size>
         <contents>
         </contents>
      </logical_group>
      <logical_group id="lg-d">
         <name>.csldata</name>
         <run_address>0x0</run_address>
         <size>0x0</size>
         <contents>
         </contents>
      </logical_group>
      <logical_group id="lg-e">
         <name>.buffers</name>
         <run_address>0x8000</run_address>
         <size>0xc00</size>
         <contents>
            <object_component_ref idref="oc-13"/>
         </contents>
      </logical_group>
      <logical_group id="lg-97">
         <name>.debug_info</name>
         <load_address>0x0</load_address>
         <run_address>0x0</run_address>
         <size>0x7701</size>
         <contents>
            <object_component_ref idref="oc-10"/>
            <object_component_ref idref="oc-1a"/>
            <object_component_ref idref="oc-1d"/>
            <object_component_ref idref="oc-21"/>
            <object_component_ref idref="oc-26"/>
            <object_component_ref idref="oc-29"/>
            <object_component_ref idref="oc-2c"/>
            <object_component_ref idref="oc-2f"/>
            <object_component_ref idref="oc-32"/>
            <object_component_ref idref="oc-49"/>
            <object_component_ref idref="oc-4f"/>
            <object_component_ref idref="oc-55"/>
            <object_component_ref idref="oc-59"/>
            <object_component_ref idref="oc-5b"/>
            <object_component_ref idref="oc-a3"/>
         </contents>
      </logical_group>
      <logical_group id="lg-99">
         <name>.debug_frame</name>
         <load_address>0x0</load_address>
         <run_address>0x0</run_address>
         <size>0x3ae</size>
         <contents>
            <object_component_ref idref="oc-15"/>
         </contents>
      </logical_group>
      <logical_group id="lg-9b">
         <name>.debug_line</name>
         <load_address>0x0</load_address>
         <run_address>0x0</run_address>
         <size>0x78d</size>
         <contents>
            <object_component_ref idref="oc-16"/>
            <object_component_ref idref="oc-1b"/>
            <object_component_ref idref="oc-1f"/>
            <object_component_ref idref="oc-24"/>
            <object_component_ref idref="oc-27"/>
            <object_component_ref idref="oc-2a"/>
            <object_component_ref idref="oc-2d"/>
            <object_component_ref idref="oc-30"/>
            <object_component_ref idref="oc-33"/>
            <object_component_ref idref="oc-4a"/>
            <object_component_ref idref="oc-50"/>
            <object_component_ref idref="oc-56"/>
            <object_component_ref idref="oc-5a"/>
            <object_component_ref idref="oc-5c"/>
         </contents>
      </logical_group>
      <logical_group id="lg-9d">
         <name>.debug_abbrev</name>
         <load_address>0x0</load_address>
         <run_address>0x0</run_address>
         <size>0xe5e</size>
         <contents>
            <object_component_ref idref="oc-17"/>
            <object_component_ref idref="oc-1c"/>
            <object_component_ref idref="oc-20"/>
            <object_component_ref idref="oc-25"/>
            <object_component_ref idref="oc-28"/>
            <object_component_ref idref="oc-2b"/>
            <object_component_ref idref="oc-2e"/>
            <object_component_ref idref="oc-31"/>
            <object_component_ref idref="oc-34"/>
            <object_component_ref idref="oc-48"/>
            <object_component_ref idref="oc-4e"/>
            <object_component_ref idref="oc-54"/>
            <object_component_ref idref="oc-58"/>
            <object_component_ref idref="oc-5d"/>
            <object_component_ref idref="oc-a4"/>
         </contents>
      </logical_group>
      <logical_group id="lg-9f">
         <name>$BRID</name>
         <load_address>0x0</load_address>
         <run_address>0x0</run_address>
         <size>0x250</size>
         <contents>
            <object_component_ref idref="oc-37"/>
            <object_component_ref idref="oc-3a"/>
            <object_component_ref idref="oc-3e"/>
            <object_component_ref idref="oc-41"/>
            <object_component_ref idref="oc-44"/>
         </contents>
      </logical_group>
   </logical_group_list>
   <placement_map>
      <memory_area>
         <name>VECS</name>
         <page_id>0x0</page_id>
         <origin>0x0</origin>
         <length>0x200</length>
         <used_space>0x200</used_space>
         <unused_space>0x0</unused_space>
         <attributes>RWIX</attributes>
         <usage_details>
            <allocated_space>
               <start_address>0x0</start_address>
               <size>0x200</size>
               <logical_group_ref idref="lg-3"/>
            </allocated_space>
         </usage_details>
      </memory_area>
      <memory_area>
         <name>BOOT</name>
         <page_id>0x0</page_id>
         <origin>0x200</origin>
         <length>0x200</length>
         <used_space>0x0</used_space>
         <unused_space>0x200</unused_space>
         <attributes>RWIX</attributes>
         <usage_details>
         </usage_details>
      </memory_area>
      <memory_area>
         <name>IRAM</name>
         <page_id>0x0</page_id>
         <origin>0x400</origin>
         <length>0x7c00</length>
         <used_space>0x482c</used_space>
         <unused_space>0x33d4</unused_space>
         <attributes>RWIX</attributes>
         <usage_details>
            <allocated_space>
               <start_address>0x400</start_address>
               <size>0x0</size>
               <logical_group_ref idref="lg-5"/>
            </allocated_space>
            <allocated_space>
               <start_address>0x400</start_address>
               <size>0x3c40</size>
               <logical_group_ref idref="lg-4"/>
            </allocated_space>
            <allocated_space>
               <start_address>0x4040</start_address>
               <size>0x7f8</size>
               <logical_group_ref idref="lg-9"/>
            </allocated_space>
            <allocated_space>
               <start_address>0x4838</start_address>
               <size>0x3f4</size>
               <logical_group_ref idref="lg-6"/>
            </allocated_space>
            <available_space>
               <start_address>0x4c2c</start_address>
               <size>0x33d4</size>
            </available_space>
         </usage_details>
      </memory_area>
      <memory_area>
         <name>IRAM2</name>
         <page_id>0x0</page_id>
         <origin>0x8000</origin>
         <length>0x2c000</length>
         <used_space>0x1726</used_space>
         <unused_space>0x2a8da</unused_space>
         <attributes>RWIX</attributes>
         <usage_details>
            <allocated_space>
               <start_address>0x8000</start_address>
               <size>0xc00</size>
               <logical_group_ref idref="lg-e"/>
            </allocated_space>
            <allocated_space>
               <start_address>0x8c00</start_address>
               <size>0x800</size>
               <logical_group_ref idref="lg-7"/>
            </allocated_space>
            <allocated_space>
               <start_address>0x9400</start_address>
               <size>0x326</size>
               <logical_group_ref idref="lg-b"/>
            </allocated_space>
            <available_space>
               <start_address>0x9726</start_address>
               <size>0x2a8da</size>
            </available_space>
         </usage_details>
      </memory_area>
      <memory_area>
         <name>SRAM_EXT</name>
         <page_id>0x0</page_id>
         <origin>0x80000000</origin>
         <length>0x1000000</length>
         <used_space>0x0</used_space>
         <unused_space>0x1000000</unused_space>
         <attributes>RWIX</attributes>
         <usage_details>
         </usage_details>
      </memory_area>
      <memory_area>
         <name>FLASH</name>
         <page_id>0x0</page_id>
         <origin>0x90000000</origin>
         <length>0x20000</length>
         <used_space>0x0</used_space>
         <unused_space>0x20000</unused_space>
         <attributes>RWIX</attributes>
         <usage_details>
         </usage_details>
      </memory_area>
   </placement_map>
   <symbol_table>
      <symbol id="sm-0">
         <name>cinit</name>
         <value>0x4838</value>
      </symbol>
      <symbol id="sm-1">
         <name>___cinit__</name>
         <value>0x4838</value>
      </symbol>
      <symbol id="sm-2">
         <name>pinit</name>
         <value>0xffffffff</value>
      </symbol>
      <symbol id="sm-3">
         <name>___pinit__</name>
         <value>0xffffffff</value>
      </symbol>
      <symbol id="sm-4">
         <name>binit</name>
         <value>0xffffffff</value>
      </symbol>
      <symbol id="sm-5">
         <name>___binit__</name>
         <value>0xffffffff</value>
      </symbol>
      <symbol id="sm-6">
         <name>__STACK_SIZE</name>
         <value>0x800</value>
      </symbol>
      <symbol id="sm-7">
         <name>__STACK_END</name>
         <value>0x9400</value>
      </symbol>
      <symbol id="sm-8">
         <name>___c_args__</name>
         <value>0xffffffff</value>
      </symbol>
      <symbol id="sm-9">
         <name>.text</name>
         <value>0x400</value>
      </symbol>
      <symbol id="sm-a">
         <name>___text__</name>
         <value>0x400</value>
      </symbol>
      <symbol id="sm-b">
         <name>etext</name>
         <value>0x4040</value>
      </symbol>
      <symbol id="sm-c">
         <name>___etext__</name>
         <value>0x4040</value>
      </symbol>
      <symbol id="sm-d">
         <name>.bss</name>
         <value>0x400</value>
      </symbol>
      <symbol id="sm-e">
         <name>___bss__</name>
         <value>0x400</value>
      </symbol>
      <symbol id="sm-f">
         <name>end</name>
         <value>0x400</value>
      </symbol>
      <symbol id="sm-10">
         <name>___end__</name>
         <value>0x400</value>
      </symbol>
      <symbol id="sm-11">
         <name>___TI_pprof_out_hndl</name>
         <value>0xffffffff</value>
      </symbol>
      <symbol id="sm-12">
         <name>___TI_prof_data_start</name>
         <value>0xffffffff</value>
      </symbol>
      <symbol id="sm-13">
         <name>___TI_prof_data_size</name>
         <value>0xffffffff</value>
      </symbol>
      <symbol id="sm-14">
         <name>$bss</name>
         <value>0x400</value>
      </symbol>
      <symbol id="sm-103">
         <name>_main</name>
         <value>0x448</value>
         <object_component_ref idref="oc-69"/>
      </symbol>
      <symbol id="sm-104">
         <name>_tx_ping</name>
         <value>0x8600</value>
         <object_component_ref idref="oc-13"/>
      </symbol>
      <symbol id="sm-105">
         <name>_Glo</name>
         <value>0x9430</value>
         <object_component_ref idref="oc-12"/>
      </symbol>
      <symbol id="sm-106">
         <name>_init</name>
         <value>0xd1c</value>
         <object_component_ref idref="oc-69"/>
      </symbol>
      <symbol id="sm-107">
         <name>_output_sample</name>
         <value>0xca4</value>
         <object_component_ref idref="oc-69"/>
      </symbol>
      <symbol id="sm-108">
         <name>_cfgEdmaPang_rx</name>
         <value>0x94bc</value>
         <object_component_ref idref="oc-12"/>
      </symbol>
      <symbol id="sm-109">
         <name>_cfgEdmaPing_rx</name>
         <value>0x948c</value>
         <object_component_ref idref="oc-12"/>
      </symbol>
      <symbol id="sm-10a">
         <name>_cfgEdmaPong_rx</name>
         <value>0x94a4</value>
         <object_component_ref idref="oc-12"/>
      </symbol>
      <symbol id="sm-10b">
         <name>_cfgEdmaPang_tx</name>
         <value>0x9504</value>
         <object_component_ref idref="oc-12"/>
      </symbol>
      <symbol id="sm-10c">
         <name>_cfgEdmaPing_tx</name>
         <value>0x94d4</value>
         <object_component_ref idref="oc-12"/>
      </symbol>
      <symbol id="sm-10d">
         <name>_cfgEdmaPong_tx</name>
         <value>0x94ec</value>
         <object_component_ref idref="oc-12"/>
      </symbol>
      <symbol id="sm-10e">
         <name>_forever_loop</name>
         <value>0x47c</value>
         <object_component_ref idref="oc-69"/>
      </symbol>
      <symbol id="sm-10f">
         <name>_c_int8</name>
         <value>0x1d80</value>
         <object_component_ref idref="oc-14"/>
      </symbol>
      <symbol id="sm-110">
         <name>_hCodec</name>
         <value>0x9428</value>
         <object_component_ref idref="oc-12"/>
      </symbol>
      <symbol id="sm-111">
         <name>_rx_pong</name>
         <value>0x8200</value>
         <object_component_ref idref="oc-13"/>
      </symbol>
      <symbol id="sm-112">
         <name>_bp_fil</name>
         <value>0x4040</value>
         <object_component_ref idref="oc-6f"/>
      </symbol>
      <symbol id="sm-113">
         <name>_hp_fil</name>
         <value>0x42c8</value>
         <object_component_ref idref="oc-70"/>
      </symbol>
      <symbol id="sm-114">
         <name>_lp_fil</name>
         <value>0x4550</value>
         <object_component_ref idref="oc-6e"/>
      </symbol>
      <symbol id="sm-115">
         <name>_rx_pang</name>
         <value>0x8400</value>
         <object_component_ref idref="oc-13"/>
      </symbol>
      <symbol id="sm-116">
         <name>_config1</name>
         <value>0x9400</value>
         <object_component_ref idref="oc-12"/>
      </symbol>
      <symbol id="sm-117">
         <name>_AIC_data</name>
         <value>0x942c</value>
         <object_component_ref idref="oc-12"/>
      </symbol>
      <symbol id="sm-118">
         <name>_tx_pong</name>
         <value>0x8800</value>
         <object_component_ref idref="oc-13"/>
      </symbol>
      <symbol id="sm-119">
         <name>_hEdmaPong_rx</name>
         <value>0x9444</value>
         <object_component_ref idref="oc-12"/>
      </symbol>
      <symbol id="sm-11a">
         <name>_hEdmaPing_rx</name>
         <value>0x9440</value>
         <object_component_ref idref="oc-12"/>
      </symbol>
      <symbol id="sm-11b">
         <name>_hEdmaPang_rx</name>
         <value>0x9448</value>
         <object_component_ref idref="oc-12"/>
      </symbol>
      <symbol id="sm-11c">
         <name>_rx_ping</name>
         <value>0x8000</value>
         <object_component_ref idref="oc-13"/>
      </symbol>
      <symbol id="sm-11d">
         <name>_input_sample</name>
         <value>0xce4</value>
         <object_component_ref idref="oc-69"/>
      </symbol>
      <symbol id="sm-11e">
         <name>_conv</name>
         <value>0x824</value>
         <object_component_ref idref="oc-69"/>
      </symbol>
      <symbol id="sm-11f">
         <name>_hEdma_rx</name>
         <value>0x943c</value>
         <object_component_ref idref="oc-12"/>
      </symbol>
      <symbol id="sm-120">
         <name>_tx_pang</name>
         <value>0x8a00</value>
         <object_component_ref idref="oc-13"/>
      </symbol>
      <symbol id="sm-121">
         <name>_hEdmaPong_tx</name>
         <value>0x946c</value>
         <object_component_ref idref="oc-12"/>
      </symbol>
      <symbol id="sm-122">
         <name>_hEdmaPing_tx</name>
         <value>0x9468</value>
         <object_component_ref idref="oc-12"/>
      </symbol>
      <symbol id="sm-123">
         <name>_hEdmaPang_tx</name>
         <value>0x9470</value>
         <object_component_ref idref="oc-12"/>
      </symbol>
      <symbol id="sm-124">
         <name>_hEdma_tx</name>
         <value>0x9464</value>
         <object_component_ref idref="oc-12"/>
      </symbol>
      <symbol id="sm-125">
         <name>_cfgEdma_tx</name>
         <value>0x9474</value>
         <object_component_ref idref="oc-12"/>
      </symbol>
      <symbol id="sm-126">
         <name>_MoveData</name>
         <value>0x768</value>
         <object_component_ref idref="oc-69"/>
      </symbol>
      <symbol id="sm-127">
         <name>_cfgEdma_rx</name>
         <value>0x944c</value>
         <object_component_ref idref="oc-12"/>
      </symbol>
      <symbol id="sm-134">
         <name>_vector10</name>
         <value>0x140</value>
         <object_component_ref idref="oc-19"/>
      </symbol>
      <symbol id="sm-135">
         <name>_vector11</name>
         <value>0x160</value>
         <object_component_ref idref="oc-19"/>
      </symbol>
      <symbol id="sm-136">
         <name>_vector12</name>
         <value>0x180</value>
         <object_component_ref idref="oc-19"/>
      </symbol>
      <symbol id="sm-137">
         <name>_vector13</name>
         <value>0x1a0</value>
         <object_component_ref idref="oc-19"/>
      </symbol>
      <symbol id="sm-138">
         <name>_vector14</name>
         <value>0x1c0</value>
         <object_component_ref idref="oc-19"/>
      </symbol>
      <symbol id="sm-139">
         <name>_vector15</name>
         <value>0x1e0</value>
         <object_component_ref idref="oc-19"/>
      </symbol>
      <symbol id="sm-13a">
         <name>_vectors</name>
         <value>0x0</value>
         <object_component_ref idref="oc-19"/>
      </symbol>
      <symbol id="sm-13b">
         <name>_vector1</name>
         <value>0x20</value>
         <object_component_ref idref="oc-19"/>
      </symbol>
      <symbol id="sm-13c">
         <name>_vector3</name>
         <value>0x60</value>
         <object_component_ref idref="oc-19"/>
      </symbol>
      <symbol id="sm-13d">
         <name>_vector2</name>
         <value>0x40</value>
         <object_component_ref idref="oc-19"/>
      </symbol>
      <symbol id="sm-13e">
         <name>_vector5</name>
         <value>0xa0</value>
         <object_component_ref idref="oc-19"/>
      </symbol>
      <symbol id="sm-13f">
         <name>_vector4</name>
         <value>0x80</value>
         <object_component_ref idref="oc-19"/>
      </symbol>
      <symbol id="sm-140">
         <name>_vector7</name>
         <value>0xe0</value>
         <object_component_ref idref="oc-19"/>
      </symbol>
      <symbol id="sm-141">
         <name>_vector6</name>
         <value>0xc0</value>
         <object_component_ref idref="oc-19"/>
      </symbol>
      <symbol id="sm-142">
         <name>_vector9</name>
         <value>0x120</value>
         <object_component_ref idref="oc-19"/>
      </symbol>
      <symbol id="sm-14e">
         <name>_c_int00</name>
         <value>0x3b20</value>
         <object_component_ref idref="oc-f"/>
      </symbol>
      <symbol id="sm-14f">
         <name>__stack</name>
         <value>0x8c00</value>
         <object_component_ref idref="oc-1e"/>
      </symbol>
      <symbol id="sm-15f">
         <name>C$$EXIT</name>
         <value>0x3fe0</value>
         <object_component_ref idref="oc-6a"/>
      </symbol>
      <symbol id="sm-160">
         <name>_exit</name>
         <value>0x3660</value>
         <object_component_ref idref="oc-60"/>
      </symbol>
      <symbol id="sm-161">
         <name>___TI_enable_exit_profile_output</name>
         <value>0x9718</value>
         <object_component_ref idref="oc-23"/>
      </symbol>
      <symbol id="sm-162">
         <name>_abort</name>
         <value>0x3fe0</value>
         <object_component_ref idref="oc-6a"/>
      </symbol>
      <symbol id="sm-163">
         <name>__cleanup_ptr</name>
         <value>0x9710</value>
         <object_component_ref idref="oc-23"/>
      </symbol>
      <symbol id="sm-164">
         <name>__dtors_ptr</name>
         <value>0x9714</value>
         <object_component_ref idref="oc-23"/>
      </symbol>
      <symbol id="sm-16e">
         <name>__args_main</name>
         <value>0x3e80</value>
         <object_component_ref idref="oc-5f"/>
      </symbol>
      <symbol id="sm-16f">
         <name>__TI_args_main</name>
         <value>0x1</value>
      </symbol>
      <symbol id="sm-179">
         <name>__auto_init</name>
         <value>0x32c0</value>
         <object_component_ref idref="oc-5e"/>
      </symbol>
      <symbol id="sm-183">
         <name>___TI_cpp_init</name>
         <value>0x3aa0</value>
         <object_component_ref idref="oc-68"/>
      </symbol>
      <symbol id="sm-18d">
         <name>_copy_in</name>
         <value>0x3800</value>
         <object_component_ref idref="oc-66"/>
      </symbol>
      <symbol id="sm-197">
         <name>_memcpy</name>
         <value>0x22a0</value>
         <object_component_ref idref="oc-67"/>
      </symbol>
      <symbol id="sm-1a3">
         <name>_CSL6713_LIB_</name>
         <value>0x3ec0</value>
         <object_component_ref idref="oc-6c"/>
      </symbol>
      <symbol id="sm-1a4">
         <name>__CSL_init</name>
         <value>0x26e0</value>
         <object_component_ref idref="oc-6d"/>
      </symbol>
      <symbol id="sm-1c4">
         <name>_EDMA_intClear</name>
         <value>0x3ee0</value>
         <object_component_ref idref="oc-62"/>
      </symbol>
      <symbol id="sm-1c5">
         <name>_EDMA_enableChannel</name>
         <value>0x3c80</value>
         <object_component_ref idref="oc-7a"/>
      </symbol>
      <symbol id="sm-1c6">
         <name>_EDMA_intDisable</name>
         <value>0x3ce0</value>
         <object_component_ref idref="oc-78"/>
      </symbol>
      <symbol id="sm-1c7">
         <name>_EDMA_config</name>
         <value>0x33c0</value>
         <object_component_ref idref="oc-77"/>
      </symbol>
      <symbol id="sm-1c8">
         <name>_EDMA_clearPram</name>
         <value>0x3740</value>
         <object_component_ref idref="oc-74"/>
      </symbol>
      <symbol id="sm-1c9">
         <name>_EDMA_reset</name>
         <value>0x2e60</value>
         <object_component_ref idref="oc-83"/>
      </symbol>
      <symbol id="sm-1ca">
         <name>_tccAllocTable</name>
         <value>0x9624</value>
         <object_component_ref idref="oc-39"/>
      </symbol>
      <symbol id="sm-1cb">
         <name>_EDMA_open</name>
         <value>0x2040</value>
         <object_component_ref idref="oc-75"/>
      </symbol>
      <symbol id="sm-1cc">
         <name>_EDMA_intTest</name>
         <value>0x3f00</value>
         <object_component_ref idref="oc-61"/>
      </symbol>
      <symbol id="sm-1cd">
         <name>_EDMA_qdmaConfig</name>
         <value>0x3da0</value>
         <object_component_ref idref="oc-84"/>
      </symbol>
      <symbol id="sm-1ce">
         <name>_EDMA_disableChannel</name>
         <value>0x3c20</value>
         <object_component_ref idref="oc-88"/>
      </symbol>
      <symbol id="sm-1cf">
         <name>_EDMA_intEnable</name>
         <value>0x3d40</value>
         <object_component_ref idref="oc-79"/>
      </symbol>
      <symbol id="sm-1d0">
         <name>_EDMA_allocTable</name>
         <value>0x24e0</value>
         <object_component_ref idref="oc-76"/>
      </symbol>
      <symbol id="sm-1f0">
         <name>_IRQ_setVecs</name>
         <value>0x3f80</value>
         <object_component_ref idref="oc-7b"/>
      </symbol>
      <symbol id="sm-1f1">
         <name>__IRQ_eventTable</name>
         <value>0x9544</value>
         <object_component_ref idref="oc-3d"/>
      </symbol>
      <symbol id="sm-1f2">
         <name>_IRQ_nmiEnable</name>
         <value>0x3f60</value>
         <object_component_ref idref="oc-80"/>
      </symbol>
      <symbol id="sm-1f3">
         <name>_IRQ_reset</name>
         <value>0x3e40</value>
         <object_component_ref idref="oc-7d"/>
      </symbol>
      <symbol id="sm-1f4">
         <name>__IRQ_intTable</name>
         <value>0x95c8</value>
         <object_component_ref idref="oc-3d"/>
      </symbol>
      <symbol id="sm-1f5">
         <name>_IRQ_globalEnable</name>
         <value>0x3f40</value>
         <object_component_ref idref="oc-7f"/>
      </symbol>
      <symbol id="sm-1f6">
         <name>_IRQ_globalDisable</name>
         <value>0x3f20</value>
         <object_component_ref idref="oc-73"/>
      </symbol>
      <symbol id="sm-1f7">
         <name>_IRQ_map</name>
         <value>0x28a0</value>
         <object_component_ref idref="oc-7c"/>
      </symbol>
      <symbol id="sm-1f8">
         <name>__IRQ_init</name>
         <value>0x3a20</value>
         <object_component_ref idref="oc-81"/>
      </symbol>
      <symbol id="sm-1f9">
         <name>_IRQ_enable</name>
         <value>0x3e00</value>
         <object_component_ref idref="oc-7e"/>
      </symbol>
      <symbol id="sm-1fa">
         <name>__IRQ_dispatchTable</name>
         <value>0x9608</value>
         <object_component_ref idref="oc-3d"/>
      </symbol>
      <symbol id="sm-1fb">
         <name>__IRQ_hookFetchPacket</name>
         <value>0x4000</value>
         <object_component_ref idref="oc-3b"/>
      </symbol>
      <symbol id="sm-20d">
         <name>_MCBSP_reset</name>
         <value>0x2a40</value>
         <object_component_ref idref="oc-6b"/>
      </symbol>
      <symbol id="sm-20e">
         <name>_MCBSP_read</name>
         <value>0x3fa0</value>
         <object_component_ref idref="oc-72"/>
      </symbol>
      <symbol id="sm-20f">
         <name>_MCBSP_open</name>
         <value>0x34a0</value>
         <object_component_ref idref="oc-64"/>
      </symbol>
      <symbol id="sm-210">
         <name>__MCBSP_hDev0</name>
         <value>0x9694</value>
         <object_component_ref idref="oc-40"/>
      </symbol>
      <symbol id="sm-211">
         <name>__MCBSP_hDev1</name>
         <value>0x9698</value>
         <object_component_ref idref="oc-40"/>
      </symbol>
      <symbol id="sm-212">
         <name>_MCBSP_start</name>
         <value>0x31c0</value>
         <object_component_ref idref="oc-65"/>
      </symbol>
      <symbol id="sm-213">
         <name>_MCBSP_write</name>
         <value>0x3fc0</value>
         <object_component_ref idref="oc-71"/>
      </symbol>
      <symbol id="sm-21f">
         <name>_TIMER_reset</name>
         <value>0x2f80</value>
         <object_component_ref idref="oc-87"/>
      </symbol>
      <symbol id="sm-220">
         <name>_TIMER_open</name>
         <value>0x2bc0</value>
         <object_component_ref idref="oc-82"/>
      </symbol>
      <symbol id="sm-221">
         <name>__TIMER_hDev0</name>
         <value>0x9704</value>
         <object_component_ref idref="oc-43"/>
      </symbol>
      <symbol id="sm-222">
         <name>__TIMER_hDev1</name>
         <value>0x9708</value>
         <object_component_ref idref="oc-43"/>
      </symbol>
      <symbol id="sm-223">
         <name>__TIMER_hBios</name>
         <value>0x970c</value>
         <object_component_ref idref="oc-43"/>
      </symbol>
      <symbol id="sm-224">
         <name>__TIMER_deviceTable</name>
         <value>0x96ec</value>
         <object_component_ref idref="oc-43"/>
      </symbol>
      <symbol id="sm-232">
         <name>_DSK6713_init</name>
         <value>0x164c</value>
         <object_component_ref idref="oc-45"/>
      </symbol>
      <symbol id="sm-233">
         <name>_DSK6713_version</name>
         <value>0x9724</value>
         <object_component_ref idref="oc-46"/>
      </symbol>
      <symbol id="sm-234">
         <name>_DSK6713_rget</name>
         <value>0x1968</value>
         <object_component_ref idref="oc-45"/>
      </symbol>
      <symbol id="sm-235">
         <name>_DSK6713_wait</name>
         <value>0x1990</value>
         <object_component_ref idref="oc-45"/>
      </symbol>
      <symbol id="sm-236">
         <name>_DSK6713_rset</name>
         <value>0x197c</value>
         <object_component_ref idref="oc-45"/>
      </symbol>
      <symbol id="sm-237">
         <name>_DSK6713_waitusec</name>
         <value>0x19e8</value>
         <object_component_ref idref="oc-45"/>
      </symbol>
      <symbol id="sm-238">
         <name>_DSK6713_getVersion</name>
         <value>0x1a14</value>
         <object_component_ref idref="oc-45"/>
      </symbol>
      <symbol id="sm-246">
         <name>_DSK6713_AIC23_codeccontrolhandle</name>
         <value>0x971c</value>
         <object_component_ref idref="oc-4c"/>
      </symbol>
      <symbol id="sm-247">
         <name>_DSK6713_AIC23_codecdatahandle</name>
         <value>0x9720</value>
         <object_component_ref idref="oc-4c"/>
      </symbol>
      <symbol id="sm-248">
         <name>_DSK6713_AIC23_openCodec</name>
         <value>0x1a80</value>
         <object_component_ref idref="oc-4b"/>
      </symbol>
      <symbol id="sm-256">
         <name>_DSK6713_AIC23_config</name>
         <value>0x2de0</value>
         <object_component_ref idref="oc-51"/>
      </symbol>
      <symbol id="sm-257">
         <name>_DSK6713_AIC23_rget</name>
         <value>0x2db8</value>
         <object_component_ref idref="oc-51"/>
      </symbol>
      <symbol id="sm-258">
         <name>_DSK6713_AIC23_rset</name>
         <value>0x2d20</value>
         <object_component_ref idref="oc-51"/>
      </symbol>
      <symbol id="sm-262">
         <name>_DSK6713_DIP_init</name>
         <value>0x3ba0</value>
         <object_component_ref idref="oc-57"/>
      </symbol>
      <symbol id="sm-263">
         <name>_DSK6713_DIP_get</name>
         <value>0x3ba8</value>
         <object_component_ref idref="oc-57"/>
      </symbol>
      <symbol id="sm-26b">
         <name>__strasg</name>
         <value>0x3580</value>
         <object_component_ref idref="oc-63"/>
      </symbol>
   </symbol_table>
</link_info>
